Code,Districts,Libellé,Latitude,Longitude,Voitures de tourisme pour 1000 habitants 2023,Nb. d'accidents avec blessés/tués 2022,Nb. d'accidents avec dommages matériels 2022,Part des voitures électriques 2023,Gare/station,Surface totale,Altitude maximale,Altitude minimale,Habitat et infrastructures (part du territoire) 2020,Surfaces boisées (part du territoire) 2020,Surfaces agricoles (part du territoire) 2020,Surfaces improductives (part du territoire) 2020,Taux d'accroissement des logements 2021,Densité de population 2023,Part des maisons individuelles 2022,Etablissements tous secteurs 2021,Rapport de dépendance des jeunes 2023,Rapport de dépendance des personnes âgées 2023,Taux annuel 2016-2020,Population résidante permanente 2023,Part des élèves du primaire dans la population 2022,Part des élèves du secondaire inférieur dans la population 2022,Coefficient d'imposition communal 2022,Dépenses d'investissement par habitant (moyenne des 3 dernières années 2022),Marge d'autofinancement par habitant 2022,Excédent ou insuffisance de financement par habitant 2022
5401,Aigle,Aigle,46.3179006,6.9688929,473.8,29,44,2,1,1651,1053,380,29.3,36.7,29,5,2.37,697,12.5,913,37.7,28.8,1.94,11437,8.96,3.26,66,1124.9,791.6,186
5402,Aigle,Bex,46.2513776,7.0123881,501.9,16,22,2.9,1,9662,3205,390,5.2,35.1,26,33.8,1.39,88.1,29.5,544,40.7,30.9,1.33,8508,9.42,3.4,71,596.5,770.2,470.9
5403,Aigle,Chessel,46.3495725,6.8944469,558.8,1,2,3.1,0,353,385,372,13.6,20.7,58.9,6.8,0,146.2,32.4,36,38.7,26,2.97,519,9.09,3.03,65,228.7,617.5,303
5404,Aigle,Corbeyrier,46.3495001,6.9597544,614.9,4,1,2.1,0,2202,2316,493,2.2,55,36.2,6.6,0,21.1,58.3,29,31.8,62.3,0.28,464,7.05,3.18,74,366.7,564.1,132.5
5405,Aigle,Gryon,46.2746628,7.063671,566.2,1,3,3.2,1,1522,2624,709,13.1,53.2,26,7.8,0.35,99.9,41.5,135,31.1,36.1,0.66,1520,6.84,2.09,73.5,725.1,775.8,526
5406,Aigle,Lavey-Morcles,46.2073771,7.0414640650203,501,0,3,3.1,0,1415,2927,401,5.9,64.2,18.1,11.9,1.62,72,35.4,57,39.3,36.3,0.59,1022,0,0.2,71.5,676.2,957.5,746.3
5407,Aigle,Leysin,46.3438701,7.0148403,403.8,3,4,2.1,1,1854,2331,670,9.1,38.5,32.7,19.7,0.11,200.8,16.5,240,43.9,26.4,-2.83,3729,6.09,2.78,78,928.7,429.5,-1264.4
5408,Aigle,Noville,46.3817112,6.8996176,616.5,5,7,3.3,0,1038,385,368,10.5,36.7,38.2,14.5,0.38,113.6,31.6,114,41.1,31.6,2.6,1180,9.15,4.45,75,670.6,1678.9,698.1
5409,Aigle,Ollon,46.2972426,6.9950257,577.9,22,33,3.6,1,5953,2197,383,11.5,47.6,37.4,3.5,0.57,136.6,28.5,561,49.6,34.7,0.53,8137,5.97,2.6,68,1623,1235.2,-692.5
5410,Aigle,Ormont-Dessous,46.3744114999999,7.07297898556809,595.6,6,12,1.5,1,6408,2476,701,3.7,47.2,37.8,11.4,0.06,18.9,52.8,135,33.7,37.6,1.66,1211,6.96,2.72,77,824.3,1521,959.5
5411,Aigle,Ormont-Dessus,46.3425781,7.16307028545794,694.9,7,7,3.8,1,6163,3210,1007,3.9,34.4,31.9,29.8,0.22,23.2,30.8,215,28.7,55,-0.22,1427,7.16,2.46,76,632.9,1440.5,848.3
5412,Aigle,Rennaz,46.3757048,6.9190655,587.8,6,19,2.4,0,217,385,372,35.9,1.8,61.3,0.9,0,423.7,11.7,86,37.5,27.4,1.34,928,9.8,3.55,69,578.9,1365.4,305.4
5413,Aigle,Roche,46.3610602,6.9309298,518.1,5,3,3.3,1,644,1497,374,16,30.9,49.1,4,0.94,303.6,22.6,101,44.7,22.3,4,1958,11.86,4.28,68,299.1,1665.1,1447.9
5414,Aigle,Villeneuve,46.3965712,6.9248129,472.6,15,12,2.4,1,3202,2041,372,8.8,56.1,25.6,9.5,0.44,189.4,14.9,399,37.3,28.6,1.7,6057,8.75,3.71,67.5,929.9,822.5,453.9
5415,Aigle,Yvorne,46.3317116,6.9586852,638.8,5,3,2.4,0,1219,1545,374,9.8,39.4,47.4,3.4,0,90.8,32.4,122,33.9,31,0.21,1108,8.55,3.13,71.5,318.2,533.5,321
5422,Morges,Aubonne,46.4952916,6.3915748,625.6,13,9,4.7,0,1436,716,400,15.5,26.3,57.4,0.8,0,267.9,21.2,426,36.2,28.7,-0.2,3841,7.91,3.59,70,846.2,948.7,535.2
5423,Morges,Ballens,46.5542745,6.3750843,630.4,0,2,4.4,1,841,730,662,6.5,29.8,62.5,1.1,0.4,68.2,28.7,36,36.2,31.8,2.56,576,6.95,2.88,73,55.7,885.4,885.4
5424,Morges,Berolle,46.5583845,6.3373241,645,0,0,4.5,0,964,1602,690,2.6,63,34.3,0.1,0,31.6,47.7,31,32.5,24.2,0.98,304,7.26,4.95,75.5,1396.7,610.2,541.1
5425,Morges,Bière,46.5373773,6.3337235,580.5,2,8,1.8,1,2502,1609,564,7.6,52.3,37.4,2.8,0.88,68.5,18,110,36.7,28.7,1.28,1717,9.63,3.21,69,410.8,1087,569.4
5426,Morges,Bougy-Villars,46.4787593,6.3545367,743.6,0,0,5,0,179,720,462,38,23.5,36.9,1.7,0.41,289.3,57.4,30,30.1,35.6,0.53,512,4.35,2.57,64.5,1917.3,1367.3,657.1
5427,Morges,Féchy,46.4786555,6.3747532,680.6,0,1,5.7,0,268,672,377,22.8,6.7,70.1,0.4,0,331.9,37,67,38.3,26.1,-0.51,896,7.89,3.16,64,1228.5,1213.7,693.9
5428,Morges,Gimel,46.5088102,6.3070695,576.8,4,8,3,0,1890,1496,670,6.2,62.1,31.2,0.5,2.68,130.6,26.6,132,43.1,30,4.32,2465,9.78,3.48,74.5,243.5,774.7,690.9
5429,Nyon,Longirod,46.4943826,6.2581282,619.9,2,1,7.2,0,948,1494,733,3.6,57.5,38.6,0.3,0,58.7,43,39,39,32.8,1.8,555,8.32,4.07,77.5,307.5,420.4,261.8
5430,Nyon,Marchissy,46.4880255,6.2469182,671.9,1,1,5.3,0,1194,1494,712,3.3,65.1,31.6,0.1,0,42.4,34.5,36,39.1,26.4,2.84,508,7.21,3.41,77.5,400,548.7,414.9
5431,Morges,Mollens,46.577232,6.3634849,671.7,0,1,5.4,0,1105,1601,665,2.5,51.3,45.6,0.5,0,29.3,31.7,36,26.3,22.1,2.84,322,5.25,1.85,74,61,287.2,195.1
5434,Nyon,Saint-George,46.5138321,6.2602719,649.5,1,1,4.8,0,1232,1446,773,6.7,76.5,16.6,0.3,0.19,86.1,50.5,71,41.5,31.3,2.03,1061,8.33,4.86,69.5,369.3,2453.9,1941.4
5435,Morges,Saint-Livres,46.5088701,6.3865672,677.6,2,2,4,0,812,717,445,6.5,43.6,49,0.9,1.24,85.8,34.4,52,32.9,21,-0.22,697,7.89,3.3,69,172.2,436.7,-69
5436,Morges,Saint-Oyens,46.4980293,6.3063994,630.8,0,0,8.7,0,304,870,706,5.6,38.8,55.3,0.3,0,147.1,55.2,19,44.2,20.1,7.13,450,9.21,1.54,79,32.6,246.2,148
5437,Morges,Saubraz,46.5145609,6.3302084,615.9,0,0,7.9,0,369,807,592,7.9,46.6,44.7,0.8,3.43,121,47.8,27,44.5,15.3,0.18,449,8.69,4.68,80,72.5,1261.8,1166.9
5451,Broye-Vully,Avenches,46.879575,7.040941,572.8,14,17,2.6,1,1943,645,429,20.4,16.5,62,1.1,0.12,250.3,19.7,344,38.1,26.8,2.07,4873,10.11,3.66,66.5,912.1,1237.8,870.2
5456,Broye-Vully,Cudrefin,46.9560359,7.0183078,684.7,3,0,4.2,0,1586,579,428,10.1,23.2,58.2,8.5,3.85,121.1,51.2,128,35.1,25.2,3.44,1878,8.64,4.32,59,376.8,338.9,-461
5458,Broye-Vully,Faoug,46.9057923,7.0740011,631.9,2,3,4.6,1,349,486,429,20.1,26.4,53,0.6,0,260.3,41,62,29.5,25.9,0.31,906,7.53,2.66,65,175.7,356.1,45.7
5464,Broye-Vully,Vully-les-Lacs,46.9202735,7.01014507803554,673.4,3,5,4,0,2114,591,429,13.6,17.3,65,4.1,0.76,172.8,43.2,219,36.9,31.9,3.44,3614,9.24,2.74,67,563.3,682.9,-512
5471,Gros-de-Vaud,Bettens,46.6275904,6.5770883,729.6,1,1,4.7,0,376,619,505,15.7,12.2,70.2,1.9,0,172.2,21.5,32,31.8,11.6,2.16,644,11.38,3.38,70,2484.8,557.2,-904.5
5472,Gros-de-Vaud,Bournens,46.6041672,6.5633012,617.6,0,1,6,0,389,619,486,8,17.2,74,0.8,0,132.7,33.9,34,44.1,22.8,7.28,519,7.78,4.09,68,1042,1616.7,132.4
5473,Gros-de-Vaud,Boussens,46.6024104,6.5845617,623.5,1,2,2.8,0,318,613,586,11.6,13.8,74.5,0,1.28,323.7,34.6,53,45,23.8,0.48,1023,11.3,4.26,66,116,614.9,496.1
5474,Morges,La Chaux (Cossonay),46.61604,6.472555,771,3,1,3,0,678,623,530,7.2,17.6,74.6,0.6,0,64.2,42.8,38,39.8,34.1,-1.83,433,10.19,4.85,76,91.5,284.2,163.5
5475,Morges,Chavannes-le-Veyron,46.60645,6.4509017,650,1,1,3.8,0,266,639,566,7.1,24.8,67.3,0.8,0,59.8,25.8,15,50,29.5,1.54,158,11.66,1.23,75,0,-44.3,-44.3
5476,Morges,Chevilly,46.642766,6.4771672,644.8,0,0,5.6,0,382,625,492,5,18.6,76.2,0.3,0,86.6,28.7,16,40.8,17.4,1.47,337,10.88,2.11,72.5,180.7,556,438.4
5477,Morges,Cossonay,46.6138202,6.508938,568.5,4,7,3.9,1,824,619,428,17.6,23.9,57.8,0.7,1.5,576.3,12.8,282,34.1,21.9,3.83,4772,8.04,3.37,68,678.2,931.8,510.9
5479,Morges,Cuarnens,46.6248084,6.4382631,655.4,0,0,4.6,0,706,748,589,5.4,30.6,63.7,0.3,0,75.9,27,49,42.1,29.1,2.31,541,8.99,2.39,77,523.7,631.6,403.1
5480,Gros-de-Vaud,Daillens,46.6202897,6.5487115,638.9,2,1,5.5,0,549,596,437,16.9,19.1,63.4,0.5,0.43,192.4,30.3,79,42.8,24.4,2.27,1062,11.26,3.88,66,743.1,1181.4,34.3
5481,Morges,Dizy,46.6348867,6.4949896,685.6,0,0,1.3,0,307,606,517,10.7,23.1,65.1,1,0,78,31.7,24,32.3,17.7,0.22,237,10.78,3.45,75,81.7,701.1,461.3
5482,Morges,Eclépens,46.6515007,6.5285061,693.6,7,7,2.5,1,583,603,442,22.3,25.7,50.8,1.2,0.19,203.8,23,92,37.6,27,4,1182,10.26,2.67,46,274.3,554.9,126.2
5483,Morges,Ferreyres,46.6577788,6.4860425,598.1,0,2,4.7,0,320,697,470,9.7,41.3,47.5,1.6,1.47,100.9,44.9,28,43,28.5,0.24,319,12.01,3.57,76,0.8,522.3,522.3
5484,Morges,Gollion,46.5852339,6.5088361,622.4,1,1,4.7,0,548,562,405,8.8,11.5,79.4,0.4,1.05,195.2,14.8,75,37.8,23,2.51,1064,10.07,2.71,74,1932.9,646.2,-881.9
5485,Morges,Grancy,46.5915221,6.4649462,629.8,2,1,2.6,0,564,622,545,6,26.2,67.6,0.2,13.87,96.5,25.2,34,42.3,19.5,-0.12,547,11.04,3.89,70,287.3,-623.6,-1410.8
5486,Morges,L'Isle,46.6187582,6.411704,654.9,6,1,2.5,1,1626,1429,599,5.9,46.2,47.5,0.4,0.19,67.1,29.3,99,38.2,32.9,0.77,1088,7.58,3.38,75,561.7,1354.8,1373.7
5487,Gros-de-Vaud,Lussery-Villars,46.6309961,6.5251994,654.7,1,1,4.2,0,375,571,433,6.9,9.9,81.1,2.1,0,126.5,26.8,32,32.6,21.5,-0.16,473,6.64,2.7,75,117.6,310.2,491.3
5488,Morges,Mauraz,46.6054096,6.4227461,546.9,0,0,0,1,47,664,620,8.5,10.6,78.7,2.1,0,128,16.7,7,36.6,19.5,2.28,64,4.62,7.69,77,4264,2052.3,-807.2
5489,Gros-de-Vaud,Mex,46.5784364,6.5538256,743.2,3,0,4.5,0,290,586,465,20.7,30,49.3,0,0.79,288.3,31.9,53,33.6,30.6,2.74,816,6,2.57,59.5,502.9,1043.1,-284.5
5490,Morges,Moiry,46.6485773,6.4552338,600.7,0,2,1.7,0,667,755,549,3.3,55.5,41.2,0,0,44.6,41.6,33,35.9,38.8,0.57,297,8.78,2.03,77,138.3,334.8,175.7
5491,Morges,Mont-la-Ville,46.645546,6.4077926,637.6,10,5,4.7,1,1981,1441,728,3.4,52.1,44.4,0.2,0.85,25.1,52.5,33,42.1,29.3,5.07,497,7.97,3.59,76,2246.2,552.9,-2081
5492,Morges,Montricher,46.6001762,6.375822,715,1,3,2.8,1,2595,1679,651,3.9,58.3,37.2,0.6,0,37,28.9,82,29.6,28.6,0.34,962,7.67,2.56,64,1251.3,368.6,365.3
5493,Morges,Orny,46.6676263,6.5256309,627.5,1,1,3.5,0,551,591,437,6.5,15.6,76.8,1.1,5.67,90.1,31.2,28,34.6,22.6,5.64,500,8.06,2.27,73,17.3,484,484
5495,Gros-de-Vaud,Penthalaz,46.6113262,6.5252453,578.5,6,6,2.8,1,385,529,420,28.8,18.2,51.7,1.3,0,826.6,14.2,200,37.1,30.7,-0.35,3199,9.21,3.3,74,301.7,640.6,264.4
5496,Gros-de-Vaud,Penthaz,46.597822,6.540398,677.5,4,3,4.4,0,385,529,413,18.4,13.2,64.7,3.6,1.14,494.5,39.3,119,40.4,22.8,2.16,1899,10.14,4.42,69.5,255.5,387.6,267.2
5497,Morges,Pompaples,46.6666443,6.5106833,526.8,0,1,2.3,0,445,582,437,11,18.2,69.7,1.1,0.54,208.6,24.2,72,49.5,22.3,-0.35,926,12.44,4.77,66,548.4,260.6,-114.9
5498,Morges,La Sarraz,46.6590583,6.5124448,560.8,4,5,2.3,1,772,634,453,15,37.7,46.1,1.2,0.5,337.5,25.4,204,38.1,26.2,0.3,2599,8.82,4.14,66,212.3,431.1,77.7
5499,Morges,Senarclens,46.6004691,6.4868169,636.7,1,1,5.4,0,394,606,533,7.6,5.6,86,0.8,2.03,123.7,37.3,32,40,29.3,1.96,491,9.68,4.64,68.5,661,404.3,-53.6
5501,Gros-de-Vaud,Sullens,46.5931372,6.5661454,649.5,6,11,5.5,0,390,608,488,16.4,12.6,71,0,6.33,306.4,36.1,62,39.5,26,1.57,1198,8.98,3.17,64,1181.6,1056.3,491.7
5503,Gros-de-Vaud,Vufflens-la-Ville,46.5783726,6.5386727,664.7,6,2,4.2,1,540,493,394,20.2,24.4,54.4,0.9,0.34,248.3,40.4,112,35.3,30.8,1.88,1336,7.57,3.3,67,407.9,641.3,143.9
5511,Gros-de-Vaud,Assens,46.6127871,6.6225936,814.4,1,4,3.3,1,840,691,576,11.2,13.6,74.5,0.7,0.55,200.7,20.4,140,37.2,23.5,1.94,1698,9.41,2.94,70,10.5,582.1,582.1
5512,Gros-de-Vaud,Bercher,46.6920285,6.7089748,603.6,4,1,3.4,1,424,669,529,17.7,26.7,55.2,0.5,0.92,311.5,37,69,43.3,27.5,3.41,1330,9.64,4.19,79,1460.9,913,-895
5514,Gros-de-Vaud,Bottens,46.6169088,6.6607269,601.9,1,2,4.2,0,692,848,625,10,19.9,69.9,0.1,1.91,200.3,23.3,83,40.7,23.7,1.77,1378,10.4,4.06,72.5,466.6,418.3,240
5515,Gros-de-Vaud,Bretigny-sur-Morrens,46.596563,6.640643,662.9,0,0,3.2,0,284,745,644,11.3,25,63.4,0.4,0,311.1,19,49,37,18.1,1.26,893,9.68,4.9,78,187.9,673.7,634
5516,Gros-de-Vaud,Cugy,46.815539,6.8910259,583.5,1,3,5,0,291,809,658,29.6,38.1,32.3,0,0.09,939.2,32.7,209,39.9,26.9,0.19,2733,9.64,4.78,76,167.9,792.8,731.1
5518,Gros-de-Vaud,Echallens,46.6381163,6.6346951,561.3,8,16,3.2,1,665,673,591,25.1,13.4,60.5,1.1,0.68,986.8,26.2,501,37.1,25.4,0.24,6572,8.75,3.59,72.5,681.7,1001.2,227
5520,Gros-de-Vaud,Essertines-sur-Yverdon,46.7152242,6.6383585,689.9,1,1,5.3,0,973,698,457,6.7,26,67.1,0.2,2.92,113.3,34.8,69,41.2,22.5,2.38,1105,11.66,3.7,74,2765.2,779.6,-993.3
5521,Gros-de-Vaud,Etagnières,46.6001382,6.6134167,672.7,2,0,3.2,1,378,670,588,13.2,16.1,70.1,0.5,0,310.1,22.7,90,38.1,24.7,0.66,1172,7.19,4.51,73,313.8,1633.7,1570.4
5522,Gros-de-Vaud,Fey,46.675524,6.6827085,617.2,0,1,3.2,1,742,690,556,6.6,26,67.3,0.1,0.33,104,33.8,43,42.7,23.5,1.85,763,12.36,4.62,75,0.8,563.8,562.1
5523,Gros-de-Vaud,Froideville,46.6012433,6.6816355,581.8,2,1,3.9,1,704,909,752,12.5,51.4,35.9,0.1,0,385.3,35.1,114,43.6,25.4,2.31,2728,10.04,4.38,72,381.8,774.8,705.4
5527,Gros-de-Vaud,Morrens,46.5904805,6.6267885,621.3,1,0,5.5,0,371,719,623,16.2,19.4,63.6,0.8,1.59,311.2,37.5,67,40.5,32.2,1.79,1142,9.64,3.16,74,214.6,602.2,307.6
5529,Gros-de-Vaud,Oulens-sous-Echallens,46.6433334,6.5781518,729.9,2,7,6.2,0,588,610,491,11.4,24.7,63.9,0,1.44,102.2,29.6,48,37.7,26.2,2.49,600,11.39,4.13,71,156.2,1025.1,1000.2
5530,Gros-de-Vaud,Pailly,46.7013191,6.6745,654.5,0,0,4.8,0,576,705,539,8.2,18.2,72.6,1,0,99.8,40,40,43.5,22.5,1.51,576,12.19,4.59,76,692.5,1640.1,95.4
5531,Gros-de-Vaud,Penthéréaz,46.6818849,6.6035686,673.7,2,1,4.2,0,571,640,483,6,30.5,63.4,0.2,0,76.9,29.2,34,37.5,20.2,0.48,437,10.16,3.23,74,260,645.3,694.9
5533,Gros-de-Vaud,Poliez-Pittet,46.6277599,6.6826495,695.2,0,1,3,0,499,854,696,10.4,35.5,53.9,0.2,0.28,174.9,25.4,63,40.9,25,-0.45,876,11.2,3.54,73,673.7,593.3,115.4
5534,Gros-de-Vaud,Rueyres,46.6937921,6.6926541,600,0,0,3.2,0,199,623,521,14.6,18.6,66.8,0,0.84,151,30,15,42,31.6,-0.46,302,8.25,2.64,73,665.3,788.9,293.9
5535,Gros-de-Vaud,Saint-Barthélemy,46.6355663,6.6001447,650.8,0,1,5.3,0,414,614,567,8.2,12.3,79,0.5,0.65,201.2,33.4,53,39.7,23.2,0.22,829,8.72,3.07,75,711.3,-68.3,-1188.8
5537,Gros-de-Vaud,Villars-le-Terroir,46.6569364,6.6387429,608.5,1,1,2.2,0,714,668,588,10.9,14.4,74.2,0.4,2.36,183.1,25.4,85,42,25.1,4.7,1298,11.54,3.29,76,433.6,639.8,674.4
5539,Gros-de-Vaud,Vuarrens,46.6863257,6.6475677,630.7,1,2,4.2,0,896,706,583,6.7,24.1,69.1,0.1,4.65,123,38.3,68,47.3,16.6,1.65,1103,11.57,4.43,73.5,223.4,764.3,622.5
5540,Gros-de-Vaud,Montilliez,46.64512105,6.68350041199713,650.1,5,2,2.7,1,1184,775,612,8.4,21.5,70.1,0.1,0.73,159.7,32.7,127,37.5,23.2,2.26,1894,8.6,3.75,72.5,430.2,487.3,317.9
5541,Gros-de-Vaud,Goumoëns,46.6588604,6.60448910808263,585.1,0,0,4.3,0,1067,661,488,7.7,20.8,71.1,0.4,2.55,113.4,34.4,76,51.3,32.1,2.34,1212,13.79,4.43,75.5,1175.7,605.9,423.7
5551,Jura-Nord vaudois,Bonvillars,46.8375743,6.6706023,662.9,0,0,2.6,1,747,1347,429,7.5,44,47.7,0.8,0,69.9,35.8,37,37.6,38.9,-0.3,526,7.39,3.99,56,113.2,204.5,98.9
5552,Jura-Nord vaudois,Bullet,46.8309314,6.5546431,648,3,4,3.2,0,1688,1607,868,5.7,45.1,48.8,0.4,0.2,40.1,46.8,60,31.1,53.3,1.09,675,9.22,2.46,71.5,378.6,294.1,-296.8
5553,Jura-Nord vaudois,Champagne,46.8302611,6.6580976,637.4,2,0,6.3,0,391,736,438,13.8,35,49.6,1.5,0,273.2,28.5,103,38.8,24,0.82,1071,7.99,4.55,65,956.4,515.5,-340.5
5554,Jura-Nord vaudois,Concise,46.8511242,6.7205199,617,1,0,3.8,1,1138,1321,427,7.8,67.2,24.8,0.2,0.36,89.9,33.7,72,36.3,28,1.05,1022,9.28,3.59,75,1093.3,1085.8,529.4
5555,Jura-Nord vaudois,Corcelles-près-Concise,46.8480696,6.7079314,589.1,0,0,3.6,0,407,1288,429,11.5,42,45.9,0.5,0,104.7,37.1,33,43,43.4,2.54,425,8.98,2.67,69,944,350.9,350.9
5556,Jura-Nord vaudois,Fiez,46.8280744,6.6240029,662.9,1,0,4.8,0,682,1589,456,4,34.9,60.7,0.4,0,63.8,45.8,28,43.5,28.9,1.38,436,8.94,3.9,69,176.6,564.4,564.4
5557,Jura-Nord vaudois,Fontaines-sur-Grandson,46.8353764,6.6193942,668.3,0,0,3,0,793,1476,483,2.8,51.1,45.8,0.4,0,25.3,39.6,17,35.9,19.5,2.29,199,8.41,4.21,69,15.4,237.1,190.2
5559,Jura-Nord vaudois,Giez,46.8117633,6.6177511,650.5,0,0,3,0,476,618,468,6.7,35.1,57.6,0.6,0,96.4,37.3,38,33.3,29.4,0.37,459,6.22,3.56,66,1473.4,1350.7,4222.8
5560,Jura-Nord vaudois,Grandevent,46.8388002,6.6065632,692,0,0,5.5,0,346,1390,583,4.3,52,43.6,0,0,68.9,61.4,14,36.6,30.3,-0.65,237,8.86,3.8,71,1029,372.5,372.5
5561,Jura-Nord vaudois,Grandson,46.8086306,6.6417532,596.5,7,5,4.2,1,785,542,429,26.4,7.8,63.7,2.2,1.35,431.3,28,220,33.2,30.1,0.32,3386,8.43,3.31,69,713,646.4,298.1
5562,Jura-Nord vaudois,Mauborget,46.8558706,6.6146584,511.1,1,0,2.9,0,552,1431,920,4.3,70.8,24.6,0.2,0.86,24.3,60.7,11,33.3,69.7,1,134,6.52,1.45,70,148.9,19.4,19.4
5563,Jura-Nord vaudois,Mutrux,46.8825207,6.7261849,701.3,0,1,2.8,0,321,1119,624,5,61.7,33,0.3,0,44.9,36.2,17,49.4,39,-2.07,145,10.6,5.3,80,11,-128.1,-160.8
5564,Jura-Nord vaudois,Novalles,46.8284542,6.5956886,650.5,0,0,3,0,201,1059,487,6,48.8,45.3,0,4.55,49.5,39.1,12,43.6,41.8,-0.5,102,14.14,5.05,76,0,40.9,41.3
5565,Jura-Nord vaudois,Onnens,46.8391148,6.6884927,657.1,0,0,3.7,1,514,1302,429,9.1,48.8,41.8,0.2,0,96.9,34.5,50,37.5,35.4,0.25,498,7.46,4.44,63.5,215.4,88.1,82.2
5566,Jura-Nord vaudois,Provence,46.8914636,6.7270271,634.4,3,1,5,0,3188,1463,632,2.4,42.8,54.7,0.1,0.42,13,26.5,45,29.2,36.8,0.13,415,6.7,1.24,81,104.9,733.8,733.8
5568,Jura-Nord vaudois,Sainte-Croix,46.822522,6.5009286,516.8,10,12,1.3,1,3936,1558,596,7.4,50.5,40.8,1.4,0.7,128,18.5,369,32.7,45.8,0.34,5051,7.21,3.35,70,739.7,813.3,-227.6
5571,Jura-Nord vaudois,Tévenon,46.8648032,6.6382256331379,638.1,1,0,4.5,0,1432,1433,540,4.1,54.4,41.4,0.1,0,60.6,54,55,41.2,34.3,3.11,865,10.61,3.58,71.5,1658.2,683.5,186.3
5581,Lavaux-Oron,Belmont-sur-Lausanne,46.5200729,6.6800519,560.8,0,0,6.1,0,262,821,427,40.5,28.2,30.9,0.4,1.31,1470.2,32.7,182,39.8,25.7,1.32,3896,7.87,3.73,72,372.5,813.2,219.4
5582,Lausanne,Cheseaux-sur-Lausanne,46.5854324,6.6061393,567.7,9,11,3.4,1,456,670,525,28.5,14.3,56.6,0.7,1.56,1057.2,15.5,221,34.1,28.1,0.11,4842,8.62,3.69,73,1204.8,1462.4,40.2
5583,Ouest lausannois,Crissier,46.5538658,6.5772501,581.3,19,31,3.7,0,550,584,408,50,26.4,23.6,0,0.1,1695.8,14.9,805,33.2,21.4,3.31,9327,8.07,3.13,63.5,924.3,1846,1120.6
5584,Lausanne,Epalinges,46.547327,6.6726245,484.2,8,11,5.5,0,461,857,651,63.1,24.1,12.6,0.2,0.26,2163.8,25.4,523,37.6,29.3,1.21,9910,8.41,3.03,64.5,1577.1,357.7,-1322.4
5585,Lausanne,Jouxtens-Mézery,46.5532677,6.5980688,593,1,3,7.6,1,192,596,470,55.2,9.4,34.9,0.5,1.56,773.6,63.4,79,38.6,40.4,-0.65,1493,8.11,2.66,59,349.7,116,-48.6
5586,Lausanne,Lausanne,46.5218269,6.6327025,338.1,414,615,2.8,1,4138,930,372,46.6,38.8,14.4,0.3,0.63,3488.8,2.7,13366,29.3,21.6,0.61,144365,7.1,2.64,78.5,1159.6,1098.4,-83.2
5587,Lausanne,Le Mont-sur-Lausanne,46.5530996,6.6354534,638.5,10,19,6.1,0,971,821,574,34.9,17.6,47.5,0,0.47,946.3,25,806,42.5,25.2,3.76,9274,9.57,3.53,73.5,541.2,733,-212.8
5588,Lavaux-Oron,Paudex,46.5056892,6.6732336,532,1,1,3.7,0,50,514,372,86,8,6,0,0,3138.8,15.1,160,32,36.1,1.09,1538,6.06,2.32,66.5,1026.9,163.4,122
5589,Ouest lausannois,Prilly,46.534566,6.6055827,396.8,19,23,2.3,1,219,613,417,84,6.8,9.1,0,0,5654.1,3.3,588,30.6,27.4,1.06,12439,7.22,2.81,72.5,586.6,1614.3,1118.5
5590,Lavaux-Oron,Pully,46.5098019,6.6617476,466.2,22,31,3.8,1,591,808,371,56.7,23.5,19.5,0.3,0.98,3293.2,6,1248,35.6,37.9,0.97,19298,6.78,2.64,61,864.5,-103.9,-804
5591,Ouest lausannois,Renens,46.5349093,6.5928442,419.4,24,48,2.3,1,295,491,398,95.6,2.7,1.7,0,1.28,7276.6,6.2,1327,31.6,22.1,0.66,21466,7.61,3.01,77,577.9,473.6,-34.4
5592,Lausanne,Romanel-sur-Lausanne,46.5621173,6.6055577,533.9,1,13,3.2,1,292,650,553,41.8,3.4,54.1,0.7,7.71,1386.1,10.5,235,33.6,28.6,-0.79,3992,7.98,3.37,70.5,761.4,938.3,331.4
5601,Lavaux-Oron,Chexbres,46.4809505,6.7803021,501.3,8,5,4,1,218,718,383,33,16.1,50.9,0,0,1037.2,16.7,182,36.1,38.5,0.18,2230,8.58,3.72,67.5,334.2,290.2,391.4
5604,Lavaux-Oron,Forel (Lavaux),46.5419511,6.77037,752.9,5,4,3.7,0,1848,927,641,8.9,28,62.9,0.2,0.2,111.7,26.4,215,38.1,30.4,0.47,2068,8.95,3.19,69,1334.2,635.1,-1231.4
5606,Lavaux-Oron,Lutry,46.5032766,6.6867879,591.8,18,23,5.5,1,841,836,372,40.2,20,39.5,0.4,1.63,1276.1,20.5,876,34.6,39.3,1.4,10796,6.42,2.17,54,400.1,-31.3,-457.4
5607,Lavaux-Oron,Puidoux,46.5008111,6.7823914,663.4,7,17,4.4,1,2284,985,372,11.9,24.1,61.4,2.7,0,131.8,16.4,324,33.2,21.9,0.17,3012,8.69,3.51,68.5,743.7,650.3,498.5
5609,Lavaux-Oron,Rivaz,46.4762772,6.7786403,575.4,3,1,2.1,1,29,541,371,27.6,0,72.4,0,0,1051.6,17.9,32,22.2,35.3,-1.43,326,4.52,1.51,62,277.5,119.8,-60.4
5610,Lavaux-Oron,St-Saphorin (Lavaux),46.4731819,6.7959554,787,3,7,2.9,0,87,708,372,34.5,11.5,54,0,0,439.3,35,29,33.5,26.1,-0.63,391,2.99,1.24,72,1480.3,182.7,-2225.5
5611,Lavaux-Oron,Savigny,46.5384249,6.7316194,644.3,8,8,3.6,0,1609,906,716,14,30.9,54.9,0.1,0.25,215.4,39.5,293,36.8,34.9,0.54,3448,8.65,3.04,69,461.3,764.9,117.2
5613,Lavaux-Oron,Bourg-en-Lavaux,46.50476465,6.73217488047981,584,5,6,5.7,1,967,927,372,25.9,13.5,60,0.6,0.39,560.7,30.8,467,33.1,36.9,0.44,5411,6.74,2.88,62.5,815.8,733.1,245.9
5621,Morges,Aclens,46.5680294,6.51076,1110.7,7,5,4.9,0,390,516,394,18.2,14.4,67.2,0.3,0,148.2,20.7,110,32.9,21.7,0.33,578,10.95,2.15,62,3890.3,1452.7,779.8
5622,Morges,Bremblens,46.5461677,6.51777,786.9,2,1,8.8,0,294,480,390,11.9,19.7,67.7,0.7,1.27,211,39.5,46,40.9,25.5,3.1,614,8.77,4.14,68,12,481.9,481.9
5623,Morges,Buchillon,46.4702466,6.4230108,666.7,0,0,7.2,0,215,410,372,27.9,30.2,40,1.9,0.31,327.1,56.9,48,42.3,40.4,3.02,687,7.76,2.99,52,447.1,1048.1,284
5624,Ouest lausannois,Bussigny,46.5512503,6.553745,553,11,22,3,1,479,502,383,56.8,16.9,25.3,1,4.3,2213.1,13.9,657,34.9,20.9,3.97,10645,8.98,3.03,62.5,1213.9,757.8,-951.7
5627,Ouest lausannois,Chavannes-près-Renens,46.5285212,6.5726698,323.6,12,7,1.2,0,166,432,374,75.3,9.6,14.5,0.6,0,5658.8,1.4,305,35.7,15.2,2.99,9337,7.99,2.8,77.5,902.6,1050,191.3
5628,Morges,Chigny,46.5201861,6.4773257,517.8,2,0,6,1,87,461,388,25.3,5.7,67.8,1.1,1.24,474.2,40.9,20,44.4,19.8,3.66,422,8.83,4.06,62,74.6,314.6,203.4
5629,Morges,Clarmont,46.5474321,6.4501584,600.9,0,0,5.3,0,102,583,494,10.8,10.8,77.5,1,0,214.7,19.6,18,38,21.9,3.52,219,9.86,2.82,72,1.3,286.4,286.4
5631,Morges,Denens,46.518323,6.4564786,644.3,0,0,4.6,0,329,521,430,14,3.6,82.4,0,0,224.8,37,41,30.2,33.6,-0.89,742,7.83,1.68,68,7.1,355.8,355.8
5632,Morges,Denges,46.5241679,6.5402546,654.2,1,4,4.5,1,170,433,373,48.2,4.1,45.3,2.4,0,1097,25.9,132,30.5,18,1.59,1821,6.58,2.7,62,191.6,584.5,402.1
5633,Morges,Echandens,46.534381,6.5410474,608.5,1,4,4.4,1,386,465,379,33.4,17.6,48.4,0.5,0.08,750,28.8,207,36.4,36,0.11,2910,5.67,2.8,60.5,662,317.2,-61.1
5634,Morges,Echichens,46.5265541,6.4978862,557.1,6,8,7.1,0,1326,578,415,11.5,8.9,79.6,0.1,0.99,239.7,27.9,173,39.6,33.2,4.33,3181,9.19,3.46,66,1586.5,1070.9,-402.3
5635,Ouest lausannois,Ecublens,46.5261672,6.5620735,449.8,23,15,3.1,0,573,445,373,64.2,11.3,23,1.4,0.19,2331.1,7.7,870,34.4,24.7,1.63,13334,7.63,3.05,62.5,754.1,795.9,505.2
5636,Morges,Etoy,46.4860906,6.4193113,704.6,1,11,3.9,1,490,496,389,31.6,6.7,61.6,0,5.56,593.5,23.7,377,33.1,25.2,0.03,2920,6.84,3.98,60,1493.7,838.8,-1478.6
5637,Morges,Lavigny,46.5011843,6.4045912,669.5,2,1,7.3,0,397,592,405,16.1,5.3,78.1,0.5,0.49,263,33.8,71,41.1,24,0.05,1052,9.92,3.95,73,58.9,658.4,658.4
5638,Morges,Lonay,46.5265684,6.5206068,681.6,3,4,3.7,1,371,478,374,34.2,7.5,57.7,0.5,5.82,723.9,29.3,283,32.3,36.2,1.44,2693,6.5,3.14,55,129.6,792.4,708.3
5639,Morges,Lully,46.5052587,6.4647302,670.3,2,1,6.6,0,203,482,374,22.2,15.3,62.6,0,0,406.3,46,74,44.7,32.6,1.25,833,10.3,3.76,61,410.3,348.8,286.4
5640,Morges,Lussy-sur-Morges,46.5028627,6.4508849,573,0,1,7.9,0,236,486,393,14.4,13.6,71.6,0.4,0.34,312.8,49,50,52,39.2,2.9,732,11.23,3.42,64.5,50.3,2908.4,2889.1
5642,Morges,Morges,46.5093268,6.498317,456.2,21,33,4.5,1,387,471,371,77,4.4,18.1,0.5,4.67,4635.8,5.4,1478,29.3,29,0.43,17755,6.84,2.49,67,1524.5,915.5,-460.5
5643,Morges,Préverenges,46.5183844,6.5267369,579,8,7,4.1,1,185,433,372,67,3.2,28.1,1.6,0.2,2793,11.8,317,36.3,31.2,-0.17,5223,8.37,3.71,62.5,174.2,-53.7,-143.2
5645,Morges,Romanel-sur-Morges,46.5564288,6.5101067,1169.9,0,0,6,0,171,509,397,17.5,15.8,66.1,0.6,0,262.5,45.5,110,29,30.3,-0.58,462,4.59,3.49,56,1158,713.5,251.6
5646,Morges,Saint-Prex,46.4809059,6.4586004,591.3,7,5,3.5,1,553,465,372,42.9,7.2,49.5,0.4,0.38,1066.2,13.9,367,37.7,27.2,0.89,5907,8.02,3.49,59,395.2,1178.9,915.1
5648,Ouest lausannois,Saint-Sulpice,46.5100832,6.5580607,482.8,4,7,5.1,0,183,407,371,78.7,6,14.2,1.1,1.03,2762.4,11.9,343,37.4,27.5,4.3,5138,6.81,2.44,55,494.8,51.3,-52.6
5649,Morges,Tolochenaz,46.5047001,6.4734539,635.5,1,5,3.9,1,157,431,372,63.7,6.4,29.9,0,0.12,1208.8,23.4,149,36,26.2,0.32,1922,8.04,3.7,64,511,711.5,420.1
5650,Morges,Vaux-sur-Morges,46.5353976,6.463827,734.8,2,1,5.3,0,210,536,440,12.4,14.3,73.3,0,0,85.7,32.4,18,36.5,36.5,-0.76,180,6.49,1.62,56,608.1,36.5,-537.2
5651,Ouest lausannois,Villars-Sainte-Croix,46.5675877,6.5616074,953.3,2,2,4,0,164,556,463,44.5,9.1,46.3,0,0,593.9,25.1,170,32.1,28.3,3.31,980,8.59,2.35,60.5,310.5,304.9,51.9
5652,Morges,Villars-sous-Yens,46.5102444,6.4286538,619.3,1,1,4,0,308,548,437,7.8,17.2,74.7,0.3,0,200.3,34.4,45,34,22.9,0.7,609,8.62,2.76,76,24.2,722.2,649.1
5653,Morges,Vufflens-le-Château,46.5264596,6.4690909,596.6,0,0,4.2,1,216,516,410,20.4,12.5,67.1,0,0.57,412.1,53.1,57,43,32.7,0.85,882,7.47,4.19,58.5,298.8,849.7,253.3
5654,Morges,Vullierens,46.5730401,6.4816261,670.8,3,1,4.8,0,682,583,461,7.2,9.1,83.6,0.1,0.77,83.5,30.4,46,37,29.4,4.13,571,8.72,2.49,76,38.3,564.5,564.5
5655,Morges,Yens,46.518837,6.4180806,627.3,1,2,5.5,1,952,715,473,8.5,38.9,52.5,0.1,0.15,158.3,38.3,99,43.7,29.9,1.62,1505,8.92,5.02,71.5,465.7,1032,466.3
5656,Morges,Hautemorges,46.5653843,6.42578017541382,615.3,7,4,4.9,0,3304,712,476,8.5,33.8,57.5,0.2,2.36,131.8,32.1,320,39.9,30.1,0.68,4343,9.35,3.24,72.5,801.8,686.7,37.2
5661,Gros-de-Vaud,Boulens,46.681059,6.7192139,646.6,0,0,3.2,0,341,765,561,7,32.8,60.1,0,1.21,110.8,38.2,29,39.1,29.3,0.07,379,10.44,3.66,71.5,623.3,411.6,405.7
5663,Broye-Vully,Bussy-sur-Moudon,46.6858284,6.8108726,666.7,0,1,3,0,313,702,514,7.7,22.4,70,0,1.89,80.4,37.5,18,36.4,29.8,1.3,251,8.54,3.25,78.5,2151.2,1214.7,-1314
5665,Broye-Vully,Chavannes-sur-Moudon,46.6571671,6.8092169,685.3,0,0,6.9,0,514,848,539,6.4,19.1,74.3,0.2,3.85,46.2,35.2,22,33.8,37.4,-0.11,238,5.96,4.13,70,802.4,475.3,-202
5669,Broye-Vully,Curtilles,46.7005524,6.8486858,618.9,1,2,4.2,0,497,698,485,7.8,14.9,76.7,0.6,0,62.5,42.4,34,34.8,33.7,-0.65,310,5.78,3.74,73,477.9,771.7,391.8
5671,Broye-Vully,Dompierre,46.7081899,6.8835369,661.4,0,0,3,0,325,800,550,6.5,21.8,71.7,0,0,78.8,35.3,23,37.1,30.5,0.31,253,6.85,2.42,78,86.1,245.5,153
5673,Broye-Vully,Hermenches,46.6419061,6.7602141,732.6,1,0,2.2,0,478,834,564,6.1,29.5,64.4,0,0,79,36.6,24,30.8,30.3,0.33,377,7.22,3.48,73.5,272.8,391.9,-47.9
5674,Broye-Vully,Lovatens,46.6918052,6.8641889,704.2,0,0,3,0,347,811,538,4.3,17.6,78.1,0,0,40.9,28,17,31,32.2,-0.18,142,7.69,2.8,75,0,440.7,440.7
5675,Broye-Vully,Lucens,46.708447,6.8389766,519.2,1,6,2.4,1,1929,848,475,12.3,27.8,58.7,1.1,0.19,238.7,19.2,215,43.2,24.7,1.82,4599,9.91,4.03,69.5,1063.5,361.6,279.2
5678,Broye-Vully,Moudon,46.6680664,6.8003478,497.8,17,22,2,1,1565,856,492,17.5,35,45.9,1.7,0.47,407.3,14.7,423,43.2,22.6,0.44,6375,11.09,4.4,72.5,558.7,1100.4,207.3
5680,Gros-de-Vaud,Ogens,46.7111659,6.7227737,702.1,1,0,5,0,338,738,520,7.4,29.9,62.4,0.3,0,97.6,48.2,32,47.6,29.9,0.42,332,11.73,4.32,78,809.3,644.6,334.5
5683,Broye-Vully,Prévonloup,46.699867,6.8820157,592.1,0,0,0.7,0,181,806,718,8.3,12.2,79.6,0,0,122.8,38,16,37.7,36.2,5.03,226,9.09,3.18,72.5,2741,-657.1,2852.4
5684,Broye-Vully,Rossenges,46.6520362,6.7765557,700,0,0,3.2,0,106,748,583,2.8,3.8,93.4,0,0,81.5,33.3,8,26.3,28.1,8.78,88,5.38,4.3,75,2275.2,1424.5,1424.5
5688,Broye-Vully,Syens,46.6456578,6.7782652,578.3,1,1,3.1,0,253,711,530,11.1,34,54.2,0.8,0,65.9,27.3,15,41.5,35.1,1.84,166,9.15,3.05,65,66.5,4,-188.7
5690,Broye-Vully,Villars-le-Comte,46.7106452,6.7990287,649.6,0,0,2.2,0,419,805,642,4.1,26.3,69.7,0,0,32.1,47.2,14,34.6,38.5,-4.29,135,6.52,4.35,70,88.7,864.5,864.5
5692,Broye-Vully,Vucherens,46.624684,6.7769649,634.5,0,1,4.2,0,327,758,557,14.4,22.9,61.5,1.2,0.36,193.6,34.8,48,41.3,23.6,2.59,635,10.36,3.14,77,68.7,339.2,205.9
5693,Gros-de-Vaud,Montanaire,46.6941453,6.7609464813666,644,3,1,4.3,0,3349,860,554,6.2,24.7,68.9,0.2,0.08,84.6,33.2,236,43.6,27.5,2.71,2835,9.5,3.9,70,772.5,712,-99.5
5701,Nyon,Arnex-sur-Nyon,46.3759907,6.1913819,675.1,1,0,9.4,0,209,477,414,11,15.8,72.7,0.5,0,118.6,24.8,20,39.6,28.5,2.91,242,4.58,4.58,70,280.9,1503.5,1260.5
5702,Nyon,Arzier-Le Muids,46.4599808,6.208069,648.3,3,5,6.8,1,5187,1567,563,3.5,71.4,24.8,0.4,0.55,57.2,57.6,160,39.7,23.7,3.22,2971,9.61,3.32,64,766.1,1060.1,203.7
5703,Nyon,Bassins,46.464053,6.2316394,647.8,1,2,5.5,1,2082,1421,516,4.5,61.7,33.7,0.2,1.11,71.4,50.4,81,37.2,20.8,2.99,1483,6.83,3.38,72.5,587.2,585.1,547.8
5704,Nyon,Begnins,46.4411298,6.2492689,628.1,2,4,4.6,0,480,724,445,15.4,16.5,67.7,0.4,0,419.2,18,140,37.1,34.5,0.96,2008,7.17,3.61,62.5,449.9,1409.9,1074.8
5705,Nyon,Bogis-Bossey,46.3515732,6.1648147,586.4,1,0,5.3,0,243,481,406,14.4,28,57.2,0.4,0.58,401.2,56.5,40,53.4,23.4,0.24,983,7.69,4.12,74.5,139.3,961.7,962.2
5706,Nyon,Borex,46.379071,6.1777222,644.4,0,0,5.7,0,196,511,436,23.5,1.5,75,0,0.41,570.4,43.4,66,41.5,29.7,1.29,1135,8.13,3.89,57,97.6,1085.3,890.1
5707,Nyon,Chavannes-de-Bogis,46.3446425,6.1625796,687.6,3,2,5,0,286,483,463,24.8,13.3,57.7,4.2,0,487.4,48.6,161,48.2,29,3.62,1394,9.97,2.13,58,109.4,408.7,216.3
5708,Nyon,Chavannes-des-Bois,46.3147141,6.132561,587.7,0,0,5.6,0,213,483,443,14.1,36.6,48.8,0.5,0,476.9,57.6,32,54.6,21.8,4.48,1011,9.32,4.02,68,19.1,641.4,614.3
5709,Nyon,Chéserex,46.3997632,6.1737875,702.6,1,2,3.5,0,1056,1677,502,12.7,50.4,35.7,1.2,2.82,120.6,37.2,77,36.4,31.9,0.53,1276,7.19,2.88,57,185.6,352.3,188.9
5710,Nyon,Coinsins,46.4245995,6.2359205,711,0,1,3.2,0,296,514,417,13.9,15.5,69.9,0.7,0,178.4,33,54,39.7,35,0.96,519,7.01,3.61,51,405.8,876.1,212.8
5711,Nyon,Commugny,46.3182308,6.1757684,592.9,3,4,4.6,0,653,485,396,19.8,20.7,59.1,0.5,0.17,458.3,63.9,134,50.3,30.1,4.01,2993,6.91,3.25,57,212.7,382.1,113
5712,Nyon,Coppet,46.3164464,6.1927752,601.4,4,2,5.9,1,184,428,372,69.6,3.8,26.6,0,0.34,1702.1,40.4,228,42.6,31.8,2.5,3183,7.26,2.86,53,748.3,-75.7,-927.7
5713,Nyon,Crans,46.3579285,6.2058302,661.4,4,2,5.5,0,429,474,371,30.8,15.2,53.8,0.2,3.78,562.4,45,130,41.3,30.4,3.25,2424,6.36,3.56,59,104.2,566.8,490.5
5714,Nyon,Crassier,46.374331,6.164548,632.9,1,3,5.1,0,202,518,455,22.3,10.4,67.3,0,3.53,627.1,37.8,86,43.3,20.2,0.04,1273,7.62,3.49,66.5,30.5,478.5,449.7
5715,Nyon,Duillier,46.4097312,6.235451,699.2,4,0,4.1,0,405,488,424,16.8,7.7,75.6,0,0.65,271.3,34.4,83,39.4,24.6,2.08,1115,9.41,2.87,66,453.9,471.3,170.7
5716,Nyon,Eysins,46.3807218,6.2042596,626.4,1,5,4.5,0,236,472,386,27.1,7.2,65.7,0,1.9,730.7,15.8,189,43.5,22.3,4.09,1739,9.95,4.58,59.5,221,967.7,746
5717,Nyon,Founex,46.3338174,6.1943733,605.3,6,7,5.5,0,477,481,371,37.5,2.5,59.7,0.2,0,791.6,43.8,184,47.3,25.1,2.97,3792,7.52,3.03,57,548.3,457,395.7
5718,Nyon,Genolier,46.4350251,6.2178235,668.7,2,7,7.3,1,486,679,457,21.4,35.8,42.4,0.4,1.19,419.3,51.1,169,46.3,32,1.31,2038,8.05,3.9,55,307.9,1091.6,877.6
5719,Nyon,Gingins,46.4094508,6.1779167,711.4,3,1,5.5,0,1259,1676,495,7.4,60.2,31.6,0.8,1.57,100.5,48.4,99,36.1,34.5,1.27,1262,7.56,2.83,60,424.6,402.8,230.4
5720,Nyon,Givrins,46.4289779,6.2017676,669.3,1,2,4.1,1,394,1035,476,16,42.6,41.4,0,0,257.3,48.3,74,38,32.7,0.77,1019,8.5,2.64,67,296.4,806.1,463.2
5721,Nyon,Gland,46.4239425,6.2655115,571.6,5,19,3.4,1,836,478,370,45.5,13.8,40.3,0.5,0.75,1679.8,10.2,1044,35.9,20.5,0.8,13976,8.84,3.42,61,1143.1,404.2,-724.1
5722,Nyon,Grens,46.3937213,6.1916774,664.9,5,1,7.8,0,255,515,474,8.6,2,89.4,0,0,153.7,32.9,38,33.5,22.7,1.81,392,7,2,62,39.7,904.2,809.2
5723,Nyon,Mies,46.3060321,6.1723029,613.9,2,5,5.1,1,351,459,372,37.6,32.8,29.1,0.6,4.52,629.3,52.2,156,49.1,29,4.94,2171,5.48,2.38,52,503,-290.2,-890.8
5724,Nyon,Nyon,46.3820585,6.2402791,510.9,15,23,3.3,1,687,481,370,59.7,6.8,32.9,0.6,2.15,3379.1,5.6,2340,33.3,24.7,2.05,22978,7.91,2.72,61,1105.7,684,-366.8
5725,Nyon,Prangins,46.3947976,6.2487871,598.4,7,4,3.4,0,605,433,372,34.4,12.6,52.2,0.8,0.11,705.8,30.9,203,40.5,32.9,0.56,4284,8.56,2.95,55,322.4,68.8,-313.7
5726,Nyon,La Rippe,46.3815133,6.1504437,659.5,1,0,6.4,0,1656,1674,486,4.3,61.5,33.6,0.6,0,72.7,33.2,75,39,21.6,0.24,1206,9.69,2.84,64,518.3,1067.8,733.7
5727,Nyon,Saint-Cergue,46.4460968,6.158111,593.8,17,17,4.6,1,2427,1538,599,7.1,66.2,26.1,0.6,1.15,120.1,43.6,156,34.5,26.8,1.89,2916,9.37,2.4,66,938.1,1091.7,162.5
5728,Nyon,Signy-Avenex,46.3907229,6.2018023,802.4,3,3,9.8,0,193,490,432,22.3,3.1,74.6,0,0,312.4,33.3,85,43.1,33.5,3.01,606,7.55,4.12,58,46.4,568,464.7
5729,Nyon,Tannay,46.3089604,6.1757001,623.1,1,1,5.4,1,178,462,371,42.7,13.5,43.8,0,2.74,947.5,62.7,88,46.1,31.8,3.42,1715,5.35,2.38,60.5,1170.4,692,448.9
5730,Nyon,Trélex,46.414967,6.2048987,651.6,6,3,4.4,1,585,764,462,15.2,35.2,49.4,0.2,0,250.8,56.3,91,38.6,29.7,0.54,1447,7.5,3.43,55.5,288.6,185.7,-268.7
5731,Nyon,Le Vaud,46.4774891,6.2355007,654.6,1,0,6.3,0,313,1379,618,24,30.4,45.7,0,2.06,454.3,66.2,85,42.7,28.6,2.04,1413,8.5,4.04,74,124,766,714.8
5732,Nyon,Vich,46.4294193,6.2505497,716.3,4,4,4.3,0,152,583,408,32.2,29.6,38.2,0,0,757.4,27.3,109,41.6,23.3,4.81,1174,9.83,3.88,63,450.8,532.8,-141.6
5741,Jura-Nord vaudois,L'Abergement,46.7537886,6.4886777,660.3,0,0,4.6,0,581,1458,617,6.5,54,39.4,0,0,46.3,53.4,15,44.9,37.4,1.63,268,8.08,3.46,80,308.9,1165.6,915.8
5742,Jura-Nord vaudois,Agiez,46.7199018,6.508106,605.3,1,1,2.2,0,547,642,450,4.9,31.6,62.7,0.7,0,70.1,26.3,23,45.7,26,6.5,383,9.97,4.46,76,531.4,682.3,479.1
5743,Jura-Nord vaudois,Arnex-sur-Orbe,46.6941594,6.5187517,582.6,3,1,4.6,1,763,614,437,6.6,20.1,72.5,0.9,0,86.7,27.6,60,39.9,32.6,0.2,661,9.54,2.6,71,1050.5,723.4,-243.1
5744,Jura-Nord vaudois,Ballaigues,46.7305278,6.4132441,614.5,1,3,2.5,0,911,1243,592,10.4,48.7,39.8,1,0,131.7,19.2,61,34.3,31.9,0.94,1193,8.33,2.95,65,475.6,940.6,847.8
5745,Jura-Nord vaudois,Baulmes,46.7903981,6.5212523,620.4,4,5,1.9,1,2250,1559,564,4.5,54.7,39.9,0.9,3.04,50.9,17.4,86,34.1,30.3,0.45,1146,7.69,2.12,76.5,1396.3,360.8,-319.2
5746,Jura-Nord vaudois,Bavois,46.6853078,6.5651634,593.2,2,1,4.4,1,929,603,437,8.8,17,73.5,0.6,0,110.9,24.4,68,32.5,18.5,1.43,1037,9.12,2.68,72,833.4,242.9,185.5
5747,Jura-Nord vaudois,Bofflens,46.7045569,6.4989467,720.2,1,1,2.9,0,416,659,529,6,23.1,70.9,0,2.04,46.1,36.7,21,42.1,39.3,2.31,194,9.31,4.41,69,2505.1,1035.1,716.7
5748,Jura-Nord vaudois,Bretonnières,46.7122384,6.4734908,636,0,0,1.2,1,553,842,520,9.2,46.3,43.6,0.9,0,47.5,48.4,23,42.9,25.3,0.96,259,12.88,3.79,70.5,1851.1,623.9,892.8
5749,Jura-Nord vaudois,Chavornay,46.7101091,6.56418630393576,604.5,7,9,2.9,1,1925,620,432,13.6,18.3,65.7,2.3,2.3,281.1,23.2,309,38.3,20.4,2.06,5423,9.47,3.85,70.5,769.7,1092.1,345.5
5750,Jura-Nord vaudois,Les Clées,46.7320659,6.4626883,666.7,2,2,2.3,0,703,871,515,5.7,69.1,23.6,1.6,0,27.3,30.3,18,34,47.2,1.53,192,6.45,2.69,80,1444.7,1567.1,657.5
5752,Jura-Nord vaudois,Croy,46.6945678,6.4771721,545,0,2,4.7,1,452,722,527,6.9,48,44.9,0.2,0,88.6,32,30,33.6,51.9,3.65,397,6.99,1.55,74,270.4,343.7,-353.1
5754,Jura-Nord vaudois,Juriens,46.6911431,6.4500103,634.3,1,0,3.2,0,932,1292,715,3.2,50.2,46.6,0,0,37.5,27.9,27,32.7,31.3,2.7,351,8.96,2.89,79,897.5,326.3,-797.5
5755,Jura-Nord vaudois,Lignerolle,46.7407875,6.4559997,603.9,0,0,2.5,0,1062,1416,587,5.3,45.8,48.8,0.2,0,43.4,31.8,36,45,31.3,1.8,462,10.51,3.8,78.5,347.3,552.4,1138.1
5756,Jura-Nord vaudois,Montcherand,46.7330803,6.5102099,580.6,0,2,4.2,0,303,615,450,16.2,31.4,51.2,1.3,0,160.9,40.1,29,43,26.8,1.92,494,9.48,4.64,72,69.6,394,314
5757,Jura-Nord vaudois,Orbe,46.724144,6.5317943,552.9,8,12,2,1,1204,558,432,22.6,3.2,70.8,3.5,1.03,649.5,16.3,474,37.5,25.4,1.15,7827,9.35,3.45,75.5,1060.7,853.2,-343.2
5758,Jura-Nord vaudois,La Praz,46.6583364,6.4314367,628.7,0,0,4.7,0,511,1301,731,3.5,50.9,45.6,0,0,40.2,43.5,14,33.3,30.2,2.43,206,10.38,1.64,83,624.7,1003.2,453
5759,Jura-Nord vaudois,Premier,46.7047978,6.444282,594.9,1,1,4.3,0,606,1171,739,3.6,49.2,47,0.2,0,38.1,47,21,50.9,57.1,2.7,233,11.02,4.66,79.5,417.5,1808.7,1808.7
5760,Jura-Nord vaudois,Rances,46.7602787,6.5300272,638.1,0,3,3.9,0,988,1588,459,5.9,34,59.5,0.6,0,53.4,31.1,39,31.4,31.7,2.05,525,7.87,2.11,76.5,1576.1,541.7,306.5
5761,Jura-Nord vaudois,Romainmôtier-Envy,46.6932583,6.4611912,535.9,1,1,2,1,697,912,535,5.9,67,27,0.1,0,82.4,33.3,57,39.8,32.3,-0.98,575,9.84,3.76,81,13.4,144.4,144.4
5762,Jura-Nord vaudois,Sergey,46.7505419,6.4995735,695.7,0,0,2.1,0,148,637,542,14.2,21.6,63.5,0.7,0,93.8,44.1,13,33.7,20.2,0.88,137,8.57,5,78,697.3,963.1,-1068.8
5763,Jura-Nord vaudois,Valeyres-sous-Rances,46.7528278,6.5249548,675.7,1,1,5.5,0,635,609,432,7.6,11,80.6,0.8,2.33,92,41.4,57,40.2,29.7,-0.57,583,10.73,3.96,71,20,163.5,169
5764,Jura-Nord vaudois,Vallorbe,46.7120146,6.3792318,515.2,6,5,2.1,1,2317,1482,604,10.7,66.3,21.4,1.6,2.5,177.7,18,242,39,29.5,0.84,4121,9.73,2.96,71.5,1751.2,1105.2,-195.9
5765,Jura-Nord vaudois,Vaulion,46.6883547,6.3894066,668,0,2,2.5,0,1318,1483,853,3.5,49,47.3,0.2,0,37,23.9,50,33.2,34.9,0.6,486,9.52,2.69,81,353.4,413.9,413.9
5766,Jura-Nord vaudois,Vuiteboeuf,46.807388,6.5493754,634,2,4,1.6,1,510,1157,488,9.2,43.5,47.1,0.2,0,115.8,26.3,51,35.4,21.7,1.24,586,8.78,3.04,75,915.5,484.2,694.5
5785,Broye-Vully,Corcelles-le-Jorat,46.6058744,6.7407986,681,1,0,2.7,0,794,927,729,6.2,41.4,52.3,0.1,1.24,63,28.1,39,39,32.2,1.5,500,7.63,3.09,75,304.2,815.4,214.3
5790,Lavaux-Oron,Maracon,46.5500232,6.8727444,630.6,2,0,2.3,0,442,883,724,7.2,22.4,67.2,3.2,0,129.5,42.5,46,40.7,27.6,4.62,567,8.64,4.78,74.5,732.5,726.2,520.9
5792,Lavaux-Oron,Montpreveyres,46.581339,6.740799,619,3,6,5.3,0,416,929,733,9.9,50.5,39.4,0.2,0,153.4,30.8,38,35.8,20.2,1.26,632,6.2,4.08,75.5,406.4,786.6,341.5
5798,Broye-Vully,Ropraz,46.6153223,6.7515592,665.4,0,2,4.2,0,476,843,604,10.5,20.4,68.7,0.4,0,111.2,20.2,52,39.3,27.4,4.78,535,10.4,3.59,77.5,777,1476.6,505.5
5799,Lavaux-Oron,Servion,46.5767948,6.7845039,651,0,0,4.6,0,628,855,691,18.5,18.6,62.9,0,0.56,343.7,42.7,160,40.9,27.7,2,2172,10.07,2.95,69,849.6,823.9,235.3
5803,Broye-Vully,Vulliens,46.6212858,6.7927903,630.4,2,1,3.8,0,668,778,524,6.9,26.5,64.4,2.2,0,97.4,33.7,41,43.9,24.8,7.57,646,10.44,3.16,74,119.1,-22.1,-295.2
5804,Gros-de-Vaud,Jorat-Menthue,46.6305367,6.71920732198481,644.4,5,3,3.4,0,1770,916,612,6.9,36.6,56.4,0.1,0.72,88.2,31.2,110,38.7,27.2,0.91,1557,8.63,4.86,70.5,627.6,363.3,363.8
5805,Lavaux-Oron,Oron,46.55583515,6.82736275700439,570.8,6,13,2.1,1,2629,850,589,13,18.8,67.7,0.5,0.89,234.9,23.6,453,40.1,28,1.37,6173,9.15,3.63,69,2650.4,1106.5,137
5806,Lavaux-Oron,Jorat-Mézières,46.5967734,6.7764275151885,614.1,5,4,3.9,0,1111,830,650,12.9,21.3,65.8,0,1.51,286.7,32.3,231,40.1,28.7,1.32,3177,10.06,3.47,73,383.8,993.8,702.6
5812,Broye-Vully,Champtauroz,46.760598,6.789151,645.5,1,0,2.5,0,303,734,627,5.9,19.1,74.6,0.3,10.14,61.6,46.1,12,52.7,15.2,2.59,188,8.88,3.55,77,516.6,377.7,362.2
5813,Broye-Vully,Chevroux,46.8898441,6.9053929,659,0,0,3.2,1,433,488,429,9.7,19.9,47.8,22.6,2.78,154.1,51.1,33,34.7,35.4,2.64,524,9.39,2.49,68.5,8286.4,2040.5,5025.2
5816,Broye-Vully,Corcelles-près-Payerne,46.8331849,6.9614432,566.6,2,3,2,1,1214,529,432,13.7,5.2,79,2.1,1.46,240.5,23,182,39.4,23.2,2.88,2915,8.86,3.15,68.5,975.6,665,170.6
5817,Broye-Vully,Grandcour,46.8718747,6.928747,649,2,1,1.8,0,1022,508,437,7.3,14.7,77.4,0.6,0.43,98.6,36.2,74,42.6,28.2,2.24,1006,9.79,3.2,73.5,744.6,805.3,416.6
5819,Broye-Vully,Henniez,46.7422549,6.8834048,579.1,3,1,5.8,1,261,607,464,15.3,25.7,55.6,3.4,0,173.9,26.5,21,47.9,23.4,4.04,454,10.87,4.83,69,1545.1,775,-1562.8
5821,Broye-Vully,Missy,46.8798752,6.9698165,594.2,1,1,4.4,0,305,478,432,11.5,3.3,83.9,1.3,0.57,121.2,35.8,30,48.3,37.4,0.48,377,10.08,3.1,72,106.8,397.6,302.6
5822,Broye-Vully,Payerne,46.8208047,6.939126,531.3,25,37,2.7,1,2423,636,436,26.2,15.1,56.7,1.9,0.39,437.4,16,834,40.9,27.5,2.1,10577,9.37,3.78,73,505.9,604.7,341.1
5827,Broye-Vully,Trey,46.769255,6.9251725,610.2,0,1,5.2,1,377,631,453,9.5,17.8,71.4,1.3,3.52,83.1,34,27,41.7,26.7,3.81,315,7.62,4.97,78,873.2,818.2,-310.8
5828,Broye-Vully,Treytorrens,46.7731198,6.8003881,672.7,0,0,4.1,0,311,735,577,6.1,20.9,72.7,0.3,0,35.5,39.7,12,31.3,39.1,-3.42,109,4.76,3.81,81.5,2934.3,1253.3,1723.8
5830,Broye-Vully,Villarzel,46.7478499,6.9118617,598.8,1,4,4.2,0,769,798,472,6.2,23.7,70.1,0,1.35,68.5,34.2,41,51.2,28,2.99,525,9.47,3.7,75,1964,870.2,442.6
5831,Broye-Vully,Valbroye,46.72472195,6.89195945120645,607.9,5,7,2.5,0,3353,805,456,8.8,25.1,65.6,0.5,0,101.5,29.7,272,41.4,33.6,3.2,3406,8.96,3.39,70.5,543.4,1032,714.7
5841,Riviera-Pays d'Enhaut,Château-d'Oex,46.4739581,7.13056,592.6,10,2,1.7,1,11358,2547,870,3,37.2,43.8,16,0.86,31.9,22.9,404,35.8,41.9,0.12,3625,7.99,3,81.5,1156.8,1580.3,617.4
5842,Riviera-Pays d'Enhaut,Rossinière,46.4675176,7.083061,545.5,5,1,1.7,1,2335,2070,791,3.2,50.7,37.2,9,0,22.6,41.4,57,37.9,37.9,-0.41,529,9.93,3.93,81,484.3,884.8,37.1
5843,Riviera-Pays d'Enhaut,Rougemont,46.4899991,7.2106992,858.2,2,2,0.7,1,4854,2457,943,2.9,34.9,46.7,15.5,0,16.4,25,109,33.1,49.9,-0.82,796,7.26,2.06,79,2020.7,1683.4,-176.9
5851,Morges,Allaman,46.4707776,6.396174,644.6,5,3,2.8,1,260,432,372,23.5,16.9,58.1,1.5,0,165.8,33,73,30.4,29.3,0.63,431,4.52,3.57,65,862.4,985.5,826.4
5852,Nyon,Bursinel,46.438423,6.3053467,752.4,0,2,3.6,0,180,437,372,23.3,10,66.7,0,4.42,292.7,24.5,36,42.4,30.1,0.31,521,9.74,4.77,62,94.6,786.7,723.4
5853,Nyon,Bursins,46.4515535,6.2906369,748.4,1,0,4.7,0,340,834,405,14.4,32.1,53.5,0,0,236.2,26.2,53,35.2,28.6,0.23,796,9.66,3.52,71,316.6,551.8,-173.4
5854,Nyon,Burtigny,46.4687203,6.2567707,558,0,0,3.5,0,569,896,620,6.2,34.4,58,1.4,0,72.5,33,39,43.2,27.8,3,412,10.63,3.14,78.5,118.8,1029.9,946.4
5855,Nyon,Dully,46.4304617,6.2957383,743.3,2,0,5.5,0,163,431,370,33.1,16.6,50.3,0,0.7,383,50.5,47,36.9,30.8,-0.2,632,4.91,2.54,53,111.7,1289.6,1158.7
5856,Nyon,Essertines-sur-Rolle,46.4924891,6.3170166,774,2,2,3.9,0,701,896,428,8.1,23,68.8,0.1,0,110.5,34.2,45,51.2,25.8,1.58,768,8.81,4.01,66.5,1079.5,294,-876.1
5857,Nyon,Gilly,46.4575111,6.2969883,732.2,3,2,4.8,0,774,893,384,11.5,34.6,53.6,0.3,0,190.1,27.8,86,36.2,22.6,3.8,1475,8.99,2.97,64.5,156.8,665.8,557
5858,Nyon,Luins,46.442819,6.271154,664,2,0,4.8,0,264,725,395,14.8,11,73.5,0.8,0,235.6,24.8,60,35,23.4,-0.24,629,10.52,2.91,58.5,18.3,380.9,325.7
5859,Nyon,Mont-sur-Rolle,46.470957,6.3365929,602.2,5,3,3.7,0,385,769,376,30.4,15.1,54.5,0,0.34,721.2,31.8,143,40.2,28,-0.13,2784,8.66,4.49,63.5,320.3,445.8,-159.6
5860,Nyon,Perroy,46.4681469,6.3642905,640.4,1,4,4.5,0,288,664,372,34.4,5.9,59,0.7,0.41,549.8,26.7,112,35.6,24.9,1.1,1600,8.11,3.37,58.5,163.7,188.9,86.2
5861,Nyon,Rolle,46.4601563,6.3380469,523.3,5,7,3.3,1,273,442,370,71.4,5.1,21.6,1.8,0.64,2355.1,9.5,594,44.3,26.4,0.47,6453,7.74,3.37,59.5,215.4,321.2,11.7
5862,Nyon,Tartegnin,46.4666552,6.3156804,618.5,0,0,1.9,0,109,813,428,7.3,38.5,53.2,0.9,0,229.4,19.5,23,36.8,24.5,0,250,8.43,3.61,79,448.2,76.8,-126.9
5863,Nyon,Vinzel,46.4476073,6.2793859,697.9,1,1,4.9,0,109,735,423,14.7,18.3,67,0,0,346.4,30.7,32,34.9,25.2,2.27,381,7.14,2.38,67,894.3,-104.5,-190.3
5871,Jura-Nord vaudois,L'Abbaye,46.6492716,6.3186169,633.1,6,1,4.2,1,3191,1650,986,4.3,60.1,34.2,1.4,4.12,48.1,33.6,139,36.7,48.6,0.59,1534,7.89,3.06,77.4,526.4,643.8,232
5872,Jura-Nord vaudois,Le Chenit,46.6046637,6.2337695,602.4,8,9,3.1,1,9919,1609,1004,3.2,68.1,27.2,1.4,0.36,47.5,20.9,384,37.1,40.9,-0.04,4712,7.96,3.16,67.5,430.6,1378.3,954.3
5873,Jura-Nord vaudois,Le Lieu,46.6462186,6.280313,619.5,5,1,1.8,1,3252,1419,988,3.6,59.9,34.3,2.2,0.18,28,36.9,87,38.7,44.8,0.43,910,8.01,3.95,70,406.1,1762.3,1060.7
5882,Riviera-Pays d'Enhaut,Chardonne,46.4770903,6.8271259,633.1,4,9,5.9,1,1028,1079,372,17.4,36.6,45.6,0.4,0.06,313.6,25.5,229,30.5,37.9,1.48,3243,5.89,2.63,68,363.7,1355.5,1063.3
5883,Riviera-Pays d'Enhaut,Corseaux,46.4722747,6.8320071,587.4,6,3,4.8,1,107,510,372,83.2,0,15.9,0.9,1.49,2186,18.7,148,32.5,48.2,1.1,2339,6.2,2.47,67.5,868.6,979.4,201.2
5884,Riviera-Pays d'Enhaut,Corsier-sur-Vevey,46.4705779,6.8436858,490.2,6,4,3.1,0,673,949,384,21.5,34,43.8,0.6,0,508.8,16.8,217,33.1,32.4,0.12,3429,7.61,2.94,64.5,565.9,716.9,-264.4
5885,Riviera-Pays d'Enhaut,Jongny,46.4785042,6.8414194,572.6,1,2,7.5,1,215,787,528,33,20.9,45.6,0.5,0.89,888,39,79,37,30.7,2.93,1918,9.12,3.04,69.5,117.8,386.5,233
5886,Riviera-Pays d'Enhaut,Montreux,46.4310831,6.9129921,440,31,45,2.7,1,3346,2022,371,20,51.1,24.4,4.5,0.14,803.3,10.6,2070,33.9,35.3,-0.21,26837,6.68,2.56,65,357.8,378.5,208.6
5889,Riviera-Pays d'Enhaut,La Tour-de-Peilz,46.4537524,6.8569063,443.5,16,16,3,1,326,508,370,76.1,2.5,21.5,0,0.98,3866.6,11.4,621,34.1,34.4,0.96,12605,7.68,3.12,64,1018,354.8,-695.5
5890,Riviera-Pays d'Enhaut,Vevey,46.4602978,6.8418655,366.8,35,34,2.5,1,237,507,372,89.9,4.6,2.5,3,0.18,8397.9,2.4,2004,29.7,23.3,0.22,20155,7.26,2.74,74.5,250.6,284.1,-9.3
5891,Riviera-Pays d'Enhaut,Veytaux,46.4215725,6.9275648,470.6,5,2,1.8,1,677,2042,372,6.4,73.4,15.1,5.2,0,147.3,11.4,67,28.5,31.3,2.98,997,6.19,2.37,69.5,2699.9,382.9,-2350
5892,Riviera-Pays d'Enhaut,Blonay-St-Légier,46.4650397,6.8951981,570.7,15,24,5.5,0,3129,1885,427,21.2,45.6,31.2,2,0.89,395,44.6,727,39.2,34.2,1.07,12340,7.45,3.39,68.5,450.1,811.7,482.2
5902,Jura-Nord vaudois,Belmont-sur-Yverdon,46.7454798,6.6241604,688.1,1,0,3.3,0,650,604,431,7.1,18,74.3,0.6,8.99,68.6,40.9,40,35.8,22.9,1.85,443,10.6,3.46,70,1070.6,583.2,-67.7
5903,Jura-Nord vaudois,Bioley-Magnoux,46.7255605,6.7108156,627.5,0,0,3.1,0,431,717,486,7.4,25.5,65.9,1.2,0,59,46.3,21,38.7,46,0,253,12.15,0.4,72,0,693.1,693.1
5904,Jura-Nord vaudois,Chamblon,46.7772764,6.6044112,614.6,0,1,3.8,0,286,552,431,24.1,24.8,50,1,0,196.2,35.7,34,31.4,36.5,0.5,561,7.58,1.94,66,434.2,489.7,20.6
5905,Jura-Nord vaudois,Champvent,46.7828052,6.5726094,618.6,3,4,2.7,1,900,586,435,6.7,23.8,69.2,0.3,0.69,81,27.4,56,39.6,24.7,1.65,731,11.31,3.81,70,100,735,505.7
5907,Jura-Nord vaudois,Chavannes-le-Chêne,46.7768814,6.7780279,694.3,1,0,2.3,0,401,720,524,7.5,10.7,80.8,1,1.23,79.3,39.9,30,34.7,29.5,1.94,317,8.54,4.75,75,147.9,507.6,340.8
5908,Jura-Nord vaudois,Chêne-Pâquier,46.771165,6.7684976,571.4,0,0,13,0,207,727,531,6.3,24.2,69.1,0.5,0,82.9,43.2,16,49,26,0.71,175,14.72,2.45,75,1103.4,331.7,-738.5
5909,Jura-Nord vaudois,Cheseaux-Noréaz,46.7820326,6.6718258,554.6,3,7,5.9,0,602,615,429,13,51.8,25.1,10.1,0,125.3,71.3,34,43.3,41.5,2.55,739,7.9,4.5,67,385,546.7,93.6
5910,Jura-Nord vaudois,Cronay,46.7571842,6.6966405,600.5,0,0,3.1,0,658,664,451,6.8,32.7,60,0.5,0,64.2,40.2,29,46.8,43.2,0.84,422,12.2,2.44,77,372.6,565.2,-362.4
5911,Jura-Nord vaudois,Cuarny,46.7700368,6.6884422,742.7,1,0,2.2,0,460,668,465,6.7,26.3,67,0,0,53.1,31.1,24,36.3,29.5,-0.32,242,10.59,1.27,77,0,76.1,76.1
5912,Jura-Nord vaudois,Démoret,46.7466929,6.7570249,642,0,0,1,0,429,765,661,5.6,17,77.4,0,0,37.4,29.2,24,41.6,38.2,5.82,160,10.78,0,78,35.8,257.9,153.2
5913,Jura-Nord vaudois,Donneloye,46.744325,6.7155281,614.5,2,4,4.8,0,897,736,451,7.6,24.2,67.8,0.4,1.06,102,40.9,70,46.6,26.1,1.57,919,11.05,3.43,73,124.9,380.4,292.7
5914,Jura-Nord vaudois,Ependes,46.7431583,6.6083432,668.4,2,0,2.7,1,480,567,430,10.2,13.1,74.4,2.3,0,80.7,28.1,39,41.5,24.4,2.61,388,10.22,3.23,73.5,956.3,1718.6,1022.7
5919,Jura-Nord vaudois,Mathod,46.7667908,6.5647296,612,1,2,2.7,0,661,533,431,6.5,8,83.5,2,0.72,107.6,20.7,41,34.1,21,1.47,709,7.75,2.78,72,204.5,786.3,766
5921,Jura-Nord vaudois,Molondin,46.7606762,6.7492454,659.6,0,0,1.6,0,552,731,487,5.6,29.5,64.9,0,0,51.4,33.3,29,42.3,30.7,3.69,282,11.67,1.17,81,0,284,284
5922,Jura-Nord vaudois,Montagny-près-Yverdon,46.7914576,6.6117904,1513.4,5,11,3,1,351,504,430,24.5,6.3,68.4,0.9,2.77,220.7,37.8,159,39.2,28.2,0.14,777,7.79,5.45,64.5,870.1,458.7,155.9
5923,Gros-de-Vaud,Oppens,46.714312,6.6923429,631.1,1,0,3.1,0,362,666,498,7.7,27.6,63.5,1.1,0,56.1,37.8,23,32,29.6,2.51,202,10.4,2.97,81,118.9,840.4,840.4
5924,Jura-Nord vaudois,Orges,46.8082337,6.5875293,607.1,1,0,2.7,1,405,617,484,6.7,12.6,80.7,0,0,103.5,27.6,30,40,17,4.11,416,11.06,3.69,74,564.1,335.7,-515.7
5925,Jura-Nord vaudois,Orzens,46.7239217,6.6830459,657.4,1,0,2.1,0,421,686,496,4.8,16.2,78.9,0.2,0,51,33.6,20,32.3,40.3,0.12,214,5.19,3.77,79,244.3,172.7,122.6
5926,Jura-Nord vaudois,Pomy,46.7609575,6.6663747,576.8,0,3,4.7,0,560,641,472,8.6,16.1,75.2,0.2,3.13,155.4,36.2,59,43.8,24.2,1.39,875,10.25,3.57,71,828.2,693.7,33.2
5928,Jura-Nord vaudois,Rovray,46.7849701,6.7644976,586.7,0,0,2.6,0,323,690,486,7.4,20.4,71.8,0.3,0,62.2,32.6,15,50.9,30,4.36,199,15.74,3.05,71.5,1212.1,176.7,-24.9
5929,Jura-Nord vaudois,Suchy,46.7232325,6.5994077,612.1,0,1,3.6,0,667,609,465,5.4,37.6,56.7,0.3,0,100.2,32.7,43,45.2,15.5,2,665,10.88,4.47,70,164.4,710.3,680.2
5930,Jura-Nord vaudois,Suscévaz,46.7642362,6.5780348,513,1,0,4.2,0,413,538,430,4.8,10.7,80.9,3.6,0,52.2,28.9,16,59.4,45.3,0.25,217,9.55,2.73,72,148.4,1112.9,1047.1
5931,Jura-Nord vaudois,Treycovagnes,46.7738784,6.6092758,619,0,0,3.8,0,207,497,430,13.5,1.4,83.6,1.4,0.47,251,40,27,36.1,25,2.12,522,8.85,2.88,75,1023.1,758.1,565.4
5932,Jura-Nord vaudois,Ursins,46.734894,6.668296,585.5,0,0,5.8,0,339,689,565,4.7,20.1,75.2,0,0,69.6,34,11,36.7,31.7,3.18,234,9.57,3.04,75,121.2,526,328.4
5933,Jura-Nord vaudois,Valeyres-sous-Montagny,46.7983693,6.6105655,598,1,4,3.7,1,226,534,437,19,22.6,58,0.4,0.61,308.3,42.2,36,34.2,31.6,0.9,703,7.82,4.13,70.5,550.5,276.7,123.1
5934,Jura-Nord vaudois,Valeyres-sous-Ursins,46.7458204,6.655254,648.3,2,1,3.3,0,286,596,447,3.5,19.6,76.9,0,1.96,82.6,36.4,21,30.1,44.1,-0.61,237,7.47,1.66,77,0,1122,1122
5935,Jura-Nord vaudois,Villars-Epeney,46.7817278,6.6969935,712.8,0,0,6,0,88,580,489,8,15.9,76.1,0,0,117.4,52.3,6,42.6,23,-0.97,101,10.87,3.26,68,0,388.3,388.3
5937,Jura-Nord vaudois,Vugelles-La Mothe,46.81927,6.5676637,630.9,0,1,4.3,0,309,1061,498,4.5,62.8,30.7,1.9,0,49.2,41.7,14,42.9,23.1,0.74,151,8.03,5.84,70,66.7,43.2,28.9
5938,Jura-Nord vaudois,Yverdon-les-Bains,46.7785711,6.6409158,462.7,54,45,2.4,1,1353,573,429,52.6,8.3,33.6,5.5,0.41,2232,8.3,2259,36.9,30.3,0.35,30221,8.93,3.34,75,1125.9,581.2,-156
5939,Jura-Nord vaudois,Yvonand,46.7983158,6.7445021,539.4,5,6,3.4,1,1334,671,429,14.3,31.6,51,3,0.48,263.9,31.6,203,39.6,34,1.74,3536,9.63,3.65,71.5,1251.9,960.8,434.2
